学校名,回数区分
愛光,（首都圏）
青山学院,1
青山学院浦和ルーテル学院,1
青山学院浦和ルーテル学院,（２回）
青山学院横浜英和,（Ａ）
青山学院横浜英和,（Ｂ）
青山学院横浜英和,（Ｃ）
浅野,1
朝日塾,（特色評価型・東京）
麻布,1
足立学園,（志）
足立学園,1
足立学園,（２回）
足立学園,（３回）
足立学園,（４回）
足立学園,（特別奨学生１回）
足立学園,（特別奨学生２回）
足立学園,（特別奨学生３回）
足立学園,（特別奨学生４回）
足立学園,（特別奨学生５回）
ｱﾚｾｲｱ湘南,（１回午前）
ｱﾚｾｲｱ湘南,（１回午後）
ｱﾚｾｲｱ湘南,（２回午前）
ｱﾚｾｲｱ湘南,（２回午後）
ｱﾚｾｲｱ湘南,（３回午前）
ｱﾚｾｲｱ湘南,（３回午後）
ｱﾚｾｲｱ湘南,（特待生）
ｱﾚｾｲｱ湘南,（グローバル）
郁文館,（総合）
郁文館,（ｉＰ選抜）
郁文館,（２回総合）
郁文館,（３回総合）
郁文館,（２回ｉＰ選抜）
郁文館,（４回総合）
郁文館,（５回総合）
郁文館,（ＧＬ特進）
郁文館,（未来力）
郁文館,（適性検査型）
郁文館,（２回適性検査型）
郁文館,（適性検査型ｉＰ選抜）
市川,1
市川,（２回）
市川,（１月帰国）
茨城,（専願）
茨城,1
茨城,（Ｂ適性型）
茨城,（２回）
茨城,（２回Ｂ適性型）
茨城キリスト教学園,（１回単願）
茨城キリスト教学園,（１回一般Ａ）
茨城キリスト教学園,（２回一般Ｂ）
茨城キリスト教学園,（２回適性検査）
茨城キリスト教学園,（３回一般Ｃ）
茨城県立太田第一高附属,1
茨城県立鹿島高附属,1
茨城県立勝田中等教育学校,1
茨城県立古河中等教育学校,1
茨城県立下館第一高附属,1
茨城県立下妻第一高附属,1
茨城県立土浦第一高附属,1
茨城県立並木中等教育学校,1
茨城県立日立第一高附属,1
茨城県立鉾田第一高附属,1
茨城県立水海道第一高附属,1
茨城県立水戸第一高附属,1
茨城県立竜ヶ崎第一高附属,1
茨城大教育学部附属,1
上野学園,（１日午前）
上野学園,（適性検査型）
上野学園,（１日午後）
上野学園,（２日）
上野学園,（４日）
上野学園,（特待）
上野学園,（６日）
宇都宮大附属,1
宇都宮短大附属,1
宇都宮短大附属,（２回）
浦和実業学園,（１回特待）
浦和実業学園,（１回特待午後）
浦和実業学園,（２回特待）
浦和実業学園,（２回特待午後）
浦和実業学園,（３回）
浦和実業学園,（適性検査型）
浦和実業学園,（適性検査型２回）
浦和実業学園,（英語）
栄光学園,1
穎明館,1
穎明館,（２回）
穎明館,（３回）
穎明館,（４回）
江戸川学園取手,（１回難関大）
江戸川学園取手,（１回東大）
江戸川学園取手,（１回医科）
江戸川学園取手,（２回難関大）
江戸川学園取手,（２回東大）
江戸川学園取手,（２回医科）
江戸川学園取手,（３回難関大）
江戸川学園取手,（３回東大）
江戸川学園取手,（３回医科）
江戸川学園取手,（適性型）
桜美林,（１日午前）
桜美林,（１日午前総合学力評価）
桜美林,（１日午後）
桜美林,（１日午後総合学力評価）
桜美林,（２日午後）
桜美林,（３日午後）
大西学園,（Ａ）
大西学園,（Ｂ）
大西学園,（Ｃ）
大宮開成,1
大宮開成,（特待）
大宮開成,（２回）
沖縄尚学高附属,（東京）
お茶の水女子大附属,1
海城,1
海城,（２回）
海城,（帰国）
開成,1
開智,（先端１）
開智,（先端２）
開智,（先端特待）
開智,（先端Ａ）
開智,（算数特待）
開智日本橋学園,1
開智日本橋学園,（１回適性検査）
開智日本橋学園,（特待４科）
開智日本橋学園,（特待算数）
開智日本橋学園,（２回）
開智日本橋学園,（３回）
開智日本橋学園,（４回）
開智望,（専願）
開智望,1
開智望,（２回）
開智望,（適性検査型）
開智望,（開智併願型）
開智未来,1
開智未来,（２回）
開智未来,（Ｔ未来）
開智未来,（探究１）
開智未来,（探究２）
開智未来,（算数）
海陽,（特給・東京）
海陽,（特給・専願東京）
海陽,（Ⅰ・東京）
海陽,（Ⅰ・専願東京）
海陽,（Ⅱ・東京）
海陽,（Ⅱ・専願東京）
海陽,（Ⅲ・東京）
かえつ有明,（１日午前）
かえつ有明,（１日午後特待）
かえつ有明,（２日特待）
かえつ有明,（３日特待）
かえつ有明,（思考力特待）
かえつ有明,（ＡＬ思考力特待）
かえつ有明,（国際生Ｈ／Ａ選考）
学習院,（一般）
学習院,（一般２回）
学習院,（帰国）
鹿児島県立楠隼,（東京）
春日部共栄,（１回午前）
春日部共栄,（１回午後）
春日部共栄,（２回午前）
春日部共栄,（２回特待）
春日部共栄,（３回午後）
春日部共栄,（４回午前特待）
片山学園,（国内・関東）
片山学園,（国内・関東算数）
神奈川県立相模原,1
神奈川県立平塚,1
神奈川大附属,1
神奈川大附属,（２回）
神奈川大附属,（３回）
金沢学院大附属,（Ⅰ・東京）
金沢学院大附属,（Ⅱ・東京）
鎌倉学園,1
鎌倉学園,（算数選抜）
鎌倉学園,（２次）
鎌倉学園,（３次）
川口市立高附属,1
川崎市立川崎高附属,1
関東学院,（１期Ａ）
関東学院,（１期Ｂ）
関東学院,（１期Ｃ）
関東学院,（２期）
関東学院六浦,（Ａ１）
関東学院六浦,（Ａ２）
関東学院六浦,（Ｂ１）
関東学院六浦,（Ｂ２）
関東学院六浦,（Ｃ）
関東学院六浦,（英語）
関東学院六浦,（自己アピール）
共愛学園,1
共愛学園,（２回）
共栄学園,（１回進学）
共栄学園,（１回特進）
共栄学園,（２回特進）
共栄学園,（３回特進）
共栄学園,（４回進学）
共栄学園,（４回特進）
共栄学園,（５回進学）
共栄学園,（５回特進）
暁星,1
暁星,（２回）
暁星国際,（Ⅰ期Ａ）
暁星国際,（Ⅰ期Ａ２）
暁星国際,（Ⅰ期Ｂ）
暁星国際,（Ⅱ期）
暁星国際,（推薦）
桐生大附属,1
桐生大附属,（２期）
桐生大附属,（３期）
桐生大附属,（推薦）
桐生大附属,（推薦２期）
国立音楽大附属,（１回演奏・創作）
国立音楽大附属,（１回総合表現プレゼン）
国立音楽大附属,（２回総合表現二科）
国立音楽大附属,（３回演奏・創作）
国立音楽大附属,（３回総合表現二科）
公文国際学園,（Ａ・国算）
公文国際学園,（Ａ・国数）
公文国際学園,（Ａ・国英）
公文国際学園,（Ａ・英数）
公文国際学園,（Ｂ）
慶應湘南藤沢,（一般）
慶應湘南藤沢,（帰国）
慶應中等部,1
慶應普通部,1
京華,（午前）
京華,（特選午前）
京華,（特選適性検査型）
京華,（特選午後）
京華,（２回午後）
京華,（２回特選午後）
京華,（３回）
京華,（３回特選）
啓明学園,1
啓明学園,（国語四技能）
啓明学園,（算数特待）
啓明学園,（英語特化）
啓明学園,（２回）
啓明学園,（プレゼンテーション）
啓明学園,（３回）
光英VERITAS,（第一志望）
光英VERITAS,1
光英VERITAS,（英語）
光英VERITAS,（理数特待）
光英VERITAS,（特待）
光英VERITAS,（２回）
光英VERITAS,（３回）
工学院大附,（１回Ａ）
工学院大附,（１回Ｂ特待）
工学院大附,（２回Ａ）
工学院大附,（２回Ｂ）
工学院大附,（３回）
工学院大附,（４回）
攻玉社,1
攻玉社,（２回）
攻玉社,（特別選抜）
攻玉社,（国際学級・国算）
佼成学園,1
佼成学園,（適性型特奨）
佼成学園,（特奨）
佼成学園,（２回）
佼成学園,（ＳＥ）
佼成学園,（３回）
佼成学園,（２回特奨）
佼成学園,（グローバル）
佼成学園,（グローバル特奨）
国学院久我山,1
国学院久我山,（ＳＴ）
国学院久我山,（２回）
国学院久我山,（ＳＴ２）
国学院久我山,（ＳＴ３）
国学院栃木,（１回一般）
国学院栃木,（１回自己推薦）
国学院栃木,（２回一般）
国学院栃木,（２回自己推薦）
国学院栃木,（英語）
国学院栃木,（適性検査）
国学院栃木,（３回一般）
国学院栃木,（３回自己推薦）
国際学院,（１回）
国際学院,（専願）
国際学院,（適性検査型）
国際学院,（２回特待）
国際学院,（英語）
国際学院,（３回）
国際学院,（４回特待）
国際学院,（５回）
国際学院,（６回）
国士舘,1
国士舘,（２回）
国士舘,（３回）
国士舘,（４回）
駒込,1
駒込,（２回）
駒込,（３回）
駒込,（４回特待）
駒込,（５回）
駒込,（特色）
駒場東邦,1
埼玉県立伊奈学園,1
埼玉栄,（１回進学）
埼玉栄,（３回進学）
埼玉栄,（５回進学）
埼玉栄,（１回難関大）
埼玉栄,（２回難関大）
埼玉栄,（３回難関大）
埼玉栄,（４回難関大）
埼玉栄,（５回難関大）
埼玉栄,（１回医学）
埼玉栄,（２回医学）
埼玉栄,（３回医学）
埼玉栄,（４回医学）
埼玉栄,（５回医学）
さいたま市立浦和,1
さいたま市立大宮国際,1
埼玉大附属,1
埼玉平成,（１回）
埼玉平成,（２回）
埼玉平成,（ＳＴＥＭ入試）
埼玉平成,（１科１回）
埼玉平成,（１科２回）
埼玉平成,（１科３回）
栄東,（Ａ１０日）
栄東,（Ａ１１日）
栄東,（東大特待）
栄東,（東大特待算数）
栄東,（Ｂ）
栄東,（東大Ⅱ）
作新学院中等部,1
作新学院中等部,（２回）
佐久長聖,（東京入試）
佐久長聖,（東京入試２）
桜丘,1
桜丘,（２回特待）
桜丘,（３回）
桜丘,（４回特待）
桜丘,（５回）
佐野日大,1
佐野日大,（推薦）
佐野日大,（２回）
佐野日大,（英語）
佐野日大,（自己アピール）
佐野日大,（３回）
佐野日大,（４回）
狭山ヶ丘高付属,1
狭山ヶ丘高付属,（２回）
狭山ヶ丘高付属,（３回）
狭山ヶ丘高付属,（４回）
サレジアン国際学園,（本科）
サレジアン国際学園,（自由選択本科）
サレジアン国際学園,（２回本科）
サレジアン国際学園,（２回自由選択本科）
サレジアン国際学園,（３回スカラシップ本科）
サレジアン国際学園,（２１世紀型本科）
サレジアン国際学園,（１回インターＳＧ）
サレジアン国際学園,（自由選択インターＳＧ）
サレジアン国際学園,（２回インターＳＧ）
サレジアン国際学園,（２回自由選択インターＳＧ）
サレジアン国際学園,（３回スカラシップインターＳＧ）
サレジアン国際学園,（２１世紀型インターＳＧ）
サレジアン国際学園,（１回インターＡＧ）
サレジアン国際学園,（２回インターＡＧ）
サレジアン国際学園,（３回スカラシップインターＡＧ）
サレジアン国際世田谷,（１回午前本科）
サレジアン国際世田谷,（１回午後本科）
サレジアン国際世田谷,（２回特待本科）
サレジアン国際世田谷,（３回本科）
サレジアン国際世田谷,（４回本科）
サレジアン国際世田谷,（１回午前インターＳＧ）
サレジアン国際世田谷,（１回午後インターＳＧ）
サレジアン国際世田谷,（２回特待インターＳＧ）
サレジアン国際世田谷,（３回インターＳＧ）
サレジアン国際世田谷,（４回インターＳＧ）
サレジアン国際世田谷,（１回午前インターＡＧ）
サレジアン国際世田谷,（２回特待インターＡＧ）
サレジアン国際世田谷,（４回インターＡＧ）
サレジオ,（小平）
サレジオ,（小平２回）
サレジオ学院,（Ａ）
サレジオ学院,（Ｂ）
志学館,（Ａ）
志学館,（Ｂ）
志学館,（Ｃ）
志学館,（推薦）
自修館,（Ａ１）
自修館,（Ａ２）
自修館,（Ｂ１）
自修館,（Ｂ２）
自修館,（Ｃ）
自修館,（Ｄ）
静岡聖光学院,（Ⅰ期東京）
静岡聖光学院,（特待東京）
実践学園,1
実践学園,（ＬＡ＆Ｓ）
実践学園,（特待）
実践学園,（２回）
実践学園,（適性）
実践学園,（２回ＬＡ＆Ｓ）
実践学園,（自己ＰＲ）
実践学園,（２回特待）
実践学園,（特別）
実践学園,（Ⅱ期）
品川翔英,1
品川翔英,（適性検査型）
品川翔英,（２回特待）
品川翔英,（２回ラーナー型）
品川翔英,（３回）
品川翔英,（４回）
品川翔英,（５回）
品川翔英,（６回）
芝,1
芝,（２回）
芝浦工業大附属,1
芝浦工業大附属,（２回）
芝浦工業大附属,（特色）
芝浦工業大附属,（３回）
芝浦工大柏,1
芝浦工大柏,（１回ＧＳ）
芝浦工大柏,（２回）
芝浦工大柏,（２回ＧＳ）
芝浦工大柏,（課題作文）
芝国際,（１日午前）
芝国際,（１日午後特待）
芝国際,（２日特待）
芝国際,（３日特待）
芝国際,（５日特待）
芝国際,（国際１１月）
芝国際,（国際１２月）
芝国際,（国際１日午前）
芝国際,（国際１日午後）
芝国際,（国際２日）
芝国際,（国際３日）
芝国際,（国際５日）
渋谷教育学園渋谷,1
渋谷教育学園渋谷,（２回）
渋谷教育学園渋谷,（３回）
渋谷教育学園渋谷,（帰国）
渋谷教育学園幕張,1
渋谷教育学園幕張,（２次）
自由学園男子部中等科,1
自由学園男子部中等科,（２回）
修徳,1
修徳,（２回）
修徳,（３回）
修徳,（４回）
修徳,（５回）
修徳,（６回）
修徳,（７回）
修徳,（特進）
修徳,（２回特進）
修徳,（３回特進）
修徳,（４回特進）
修徳,（５回特進）
修徳,（６回特進）
修徳,（７回特進）
自由の森学園,（Ｘ）
自由の森学園,（Ｃ１）
自由の森学園,（Ｃ２）
自由の森学園,（Ｃ３）
秀明,（一般１期）
秀明,（一般１期ＳＥ）
秀明,（一般２期）
秀明,（一般２期ＳＥ）
秀明八千代,（専願）
秀明八千代,（一般Ａ）
秀明八千代,（一般Ｂ）
秀明八千代,（一般Ｃ）
淑徳,（１回スーパー特進）
淑徳,（２回スーパー特進）
淑徳,（１回東大選抜）
淑徳,（２回東大選抜）
淑徳,（３回東大選抜）
淑徳巣鴨,1
淑徳巣鴨,（３回）
淑徳巣鴨,（スカラシップ）
淑徳巣鴨,（スカラシップ２回）
淑徳巣鴨,（スカラシップ３回）
淑徳巣鴨,（未来力）
順天,（１回Ａ）
順天,（１回Ｂ）
順天,（２回Ａ）
順天,（２回Ｂ）
順天,（３回多面的）
城西川越,（特選）
城西川越,（特選２回）
城西川越,1
城西川越,（２回）
城西川越,（３回）
城西川越,（４回）
城西大附属城西,（１回午前）
城西大附属城西,（１回午後）
城西大附属城西,（２回午前）
城西大附属城西,（２回午後）
城西大附属城西,（３回）
常総学院,（一般）
常総学院,（一般２回）
常総学院,（推薦・専願）
常総学院,（適性検査型）
聖徳学園,（ＡＯ）
聖徳学園,（適性検査型）
聖徳学園,（ＰＭ１）
聖徳学園,（特奨）
聖徳学園,（プログラミング）
聖徳学園,（ＰＭ２）
聖徳学園,（ＡＭ１）
聖徳学園,（ＡＭ２）
湘南学園,（Ａ）
湘南学園,（Ｂ）
湘南学園,（Ｃ）
湘南学園,（Ｄ）
湘南学園,（湘南学園ＥＳＤ）
昌平,1
昌平,（２回）
昌平,（３回）
昌平,（４回）
昌平,（Ｔクラス１回）
昌平,（Ｔクラス２回）
昌平,（Ｔクラス３回）
城北,1
城北,（２回）
城北,（３回）
城北埼玉,（特待）
城北埼玉,1
城北埼玉,（２回）
城北埼玉,（３回）
城北埼玉,（４回）
城北埼玉,（５回）
翔凜,（一般）
翔凜,（推薦）
翔凜,（特別入試）
昭和学院,（第一志望）
昭和学院,（国語１科）
昭和学院,（算数１科）
昭和学院,（適性検査型）
昭和学院,（アドバンストチャレンジ）
昭和学院秀英,（午後特別）
昭和学院秀英,（１回）
昭和学院秀英,（２回）
巣鴨,1
巣鴨,（算数選抜）
巣鴨,（２期）
巣鴨,（３期）
逗子開成,1
逗子開成,（２次）
逗子開成,（３次）
逗子開成,（帰国）
駿台学園,（１日午前）
駿台学園,（１日午後）
駿台学園,（２日午前）
駿台学園,（２日午後）
駿台学園,（４日）
駿台学園,（８日）
聖学院,1
聖学院,（英語特別）
聖学院,（特待生）
聖学院,（アドバンスト）
聖学院,（２回）
聖学院,（２回アドバンスト）
聖学院,（３回アドバンスト）
聖学院,（ものづくり思考力）
聖学院,（デザイン思考力）
聖学院,（グローバル思考力特待）
聖学院,（オンリーワン表現力）
成蹊,1
成蹊,（２回）
聖光学院,1
聖光学院,（２回）
聖光学院,（帰国）
成城,1
成城,（２回）
成城,（３回）
成城学園,1
成城学園,（２回）
清真学園,（前期）
清真学園,（後期）
西武学園文理,1
西武学園文理,（１回選抜）
西武学園文理,（特待）
西武学園文理,（２回）
西武学園文理,（２回選抜）
西武学園文理,（２回特待）
西武学園文理,（３回）
西武学園文理,（３回選抜）
西武学園文理,（適性検査）
西武学園文理,（英語）
西武台千葉,1
西武台千葉,（特待）
西武台千葉,（２回）
西武台千葉,（第一志望）
西武台新座,（特進）
西武台新座,（特進選抜）
西武台新座,（２回特進）
西武台新座,（特待）
西武台新座,（２回特進選抜）
西武台新座,（適性検査）
西武台新座,（チャレンジ）
聖望学園,（一般）
聖望学園,（奨学生）
聖望学園,（適性検査型）
聖望学園,（一般３回）
聖望学園,（奨学生３回）
聖望学園,（英語）
聖望学園,（プレゼン入試）
聖望学園,（一般４回）
聖望学園,（奨学生４回）
聖望学園,（一般５回）
聖望学園,（奨学生５回）
聖望学園,（専願）
清明学園,1
聖ヨゼフ学園,1
聖ヨゼフ学園,（２回）
聖ヨゼフ学園,（３回）
聖ヨゼフ学園,（総合型）
成立学園,1
成立学園,（２回）
成立学園,（３回）
成立学園,（４回）
青稜,（１回Ａ）
青稜,（１回Ｂ）
青稜,（２回Ａ）
青稜,（２回Ｂ）
世田谷学園,1
世田谷学園,（算数特選）
世田谷学園,（２次）
世田谷学園,（３次）
世田谷学園,（理数）
世田谷学園,（算数特選理数）
世田谷学園,（２次理数）
世田谷学園,（３次理数）
専修大松戸,1
専修大松戸,（２回）
専修大松戸,（３回）
創価,1
相洋,（Ａ）
相洋,（Ｂ）
相洋,（２回Ａ）
相洋,（２回Ｂ）
相洋,（３回）
高輪,（Ａ）
高輪,（Ｂ）
高輪,（算数午後）
高輪,（Ｃ）
橘学苑,1
橘学苑,（２回）
橘学苑,（３回）
橘学苑,（４回）
橘学苑,（５回）
橘学苑,（６回）
玉川学園,1
玉川学園,（２回）
玉川学園,（３回）
玉川学園,（４回）
玉川学園,（国際学級一般）
玉川学園,（国際学級一般２回）
多摩大聖ヶ丘,1
多摩大聖ヶ丘,（２回）
多摩大聖ヶ丘,（適性型）
多摩大聖ヶ丘,（３回）
多摩大聖ヶ丘,（４回）
多摩大聖ヶ丘,（５回）
多摩大聖ヶ丘,（リスニング）
多摩大目黒,（進学）
多摩大目黒,（特待・特進）
多摩大目黒,（進学２回）
多摩大目黒,（特待・特進２回）
多摩大目黒,（特待・特進３回）
多摩大目黒,（特待・特進４回）
多摩大目黒,（特待・特進５回）
千葉県立千葉,1
千葉県立東葛飾,1
千葉市立稲毛国際,1
千葉大附属,1
千葉日大第一,（自己推薦）
千葉日大第一,1
千葉日大第一,（２期）
千葉明徳,（第一志望）
千葉明徳,（R評価型）
千葉明徳,（適性検査型）
千葉明徳,1
千葉明徳,（２回）
千葉明徳,（３回）
千葉明徳,（４回）
中央大附属,1
中央大附属,（２回）
中央大附属横浜,1
中央大附属横浜,（２回）
千代田区立九段,（Ａ・千代田区内）
千代田区立九段,（Ｂ・都内）
千代田国際,1
千代田国際,（適性検査型）
千代田国際,（２回）
千代田国際,（３回）
千代田国際,（４回）
千代田国際,（５回）
千代田国際,（思考力）
筑波大附属,1
筑波大附属駒場,1
土浦日本大学,（ＫＢＴ）
土浦日本大学,（ＫＢＴ特待）
土浦日本大学,（ＣＳＡＴ）
土浦日本大学,（ＩＳＡＴ）
土浦日本大学,（ＩＣＬ）
土浦日本大学,（ＡＣＥ）
鶴見大附属,（進学１次）
鶴見大附属,（進学２次）
鶴見大附属,（難関進学１次）
鶴見大附属,（難関進学２次）
鶴見大附属,（難関進学３次）
鶴見大附属,（適性検査型）
帝京,（午前）
帝京,（午後）
帝京,（２回午前国語）
帝京,（２回午前算数）
帝京,（２回午後）
帝京,（３回）
帝京,（４回）
帝京大学,1
帝京大学,（２回特待・一般）
帝京大学,（３回）
帝京八王子,（１回Ａ）
帝京八王子,（１回Ｂ）
帝京八王子,（２回Ａ）
帝京八王子,（２回Ｂ）
帝京八王子,（３回Ａ）
帝京八王子,（３回Ｂ）
帝京八王子,（４回）
帝京八王子,（２次）
貞静学園,1
貞静学園,（１科１回）
貞静学園,（２回）
貞静学園,（１科２回）
貞静学園,（３回）
貞静学園,（１科３回）
貞静学園,（４回）
貞静学園,（１科４回）
貞静学園,（５回）
貞静学園,（１科５回）
貞静学園,（個性発見）
貞静学園,（個性発見２回）
貞静学園,（適性型）
貞静学園,（適性型２回）
桐蔭学園中等教育学校,（１回午前）
桐蔭学園中等教育学校,（１回午後）
桐蔭学園中等教育学校,（２回特奨選抜グローバル）
桐蔭学園中等教育学校,（２回特奨選抜）
桐蔭学園中等教育学校,（３回）
東海大菅生,（１回Ａ）
東海大菅生,（１回Ｂ）
東海大菅生,（２回Ａ）
東海大菅生,（２回Ｂ）
東海大菅生,（３回）
東海大菅生,（４回）
東海大付属浦安,（推薦）
東海大付属浦安,（Ａ）
東海大付属浦安,（Ｂ）
東海大付属相模,（Ａ）
東海大付属相模,（Ｂ）
東海大付属相模,（Ｃ）
東海大付属高輪台,1
東海大付属高輪台,（２回）
東海大付属高輪台,（３回）
東京学芸大附属小金井,1
東京学芸大附属国際,（Ａ）
東京学芸大附属国際,（Ｂ）
東京学芸大附属世田谷,1
東京学芸大附属竹早,1
東京成徳大学,（一般）
東京成徳大学,（特待）
東京成徳大学,（２回一般）
東京成徳大学,（２回特待）
東京成徳大学,（３回一般）
東京成徳大学,（３回特待）
東京成徳大学,（ＤＬ選抜）
東京成徳大学深谷,1
東京成徳大学深谷,（２回）
東京成徳大学深谷,（３回）
東京成徳大学深谷,（４回）
東京大附属,1
東京大附属,（推薦）
東京電機大学,1
東京電機大学,（２回）
東京電機大学,（３回）
東京電機大学,（４回）
東京都市大学等々力,（特選）
東京都市大学等々力,（２回特選）
東京都市大学等々力,（Ｓ特選）
東京都市大学等々力,（２回Ｓ特選）
東京都市大学等々力,（算数）
東京都市大学等々力,（英語）
東京都市大学等々力,（アクティブラーニング）
東京都市大付属,（１回Ⅰ類）
東京都市大付属,（１回Ⅱ類）
東京都市大付属,（２回Ⅰ類）
東京都市大付属,（２回Ⅱ類）
東京都市大付属,（３回Ⅰ類）
東京都市大付属,（３回Ⅱ類）
東京都市大付属,（４回Ⅰ類）
東京都市大付属,（４回Ⅱ類）
東京都市大付属,（グローバルⅠ類）
東京都市大付属,（グローバルⅡ類）
東京都市大付属,（帰国Ⅰ類）
東京都市大付属,（帰国Ⅱ類）
東京都立桜修館,1
東京都立大泉高附属,1
東京都立小石川,（一般）
東京都立小石川,（特別）
東京都立立川国際,（一般）
東京都立白鴎高附属,（一般）
東京都立白鴎高附属,（特別）
東京都立富士高附属,1
東京都立三鷹,1
東京都立南多摩,1
東京都立武蔵高附属,1
東京都立両国高附属,1
東京農大第一,（１回算国）
東京農大第一,（１回算理）
東京農大第一,（２回算国）
東京農大第一,（２回算理）
東京農大第一,（３回）
東京農大第三,（特待）
東京農大第三,（２回特待）
東京農大第三,（３回）
東京農大第三,（４回）
東京立正,（１回午前）
東京立正,（１回午後）
東京立正,（２回午前）
東京立正,（２回午後）
東京立正,（３回午前）
東京立正,（３回午後）
東京立正,（４回）
桐光学園,男子部
桐光学園,男子部（２回）
桐光学園,男子部（３回Ａ）
桐光学園,男子部（３回Ｂ）
桐光学園,男子部（帰国）
東星学園,1
東星学園,（２回）
東星学園,（３回）
東星学園,（国語）
桐朋,1
桐朋,（２回）
東邦音大東邦,1
東邦大付属東邦,（推薦）
東邦大付属東邦,（前期）
東邦大付属東邦,（後期）
東洋大学京北,1
東洋大学京北,（２回）
東洋大学京北,（３回）
東洋大学京北,（４回）
東洋大学京北,（哲学教育）
東洋大学附属牛久,1
東洋大学附属牛久,（２回）
東洋大学附属牛久,（適性検査型）
東洋大学附属牛久,（英語特別）
東洋大学附属牛久,（総合型）
東洋大学附属牛久,（専願）
藤嶺学園藤沢,（２科・４科１）
藤嶺学園藤沢,（２科）
藤嶺学園藤沢,（得意２科目選択型Ａ）
藤嶺学園藤沢,（２科・４科２）
藤嶺学園藤沢,（得意２科目選択型Ｂ）
栃木県立宇都宮東高附属,1
栃木県立佐野高附属,1
栃木県立矢板東高附属,1
獨協,1
獨協,（２回午後）
獨協,（３回）
獨協,（４回）
獨協埼玉,1
獨協埼玉,（２回）
獨協埼玉,（３回）
ドルトン東京学園,（１日ＡＭ）
ドルトン東京学園,（特待）
ドルトン東京学園,（２日ＡＭ）
ドルトン東京学園,（理数特待）
ドルトン東京学園,（４日ＰＭ）
長崎日本大学,（東京・神奈川）
成田高校付属,（第一志望）
成田高校付属,1
新島学園,（ＡＯ）
新島学園,1
新島学園,（２回）
西大和学園,（県外・東京）
二松学舎大附属柏,（第一志望Ｇ）
二松学舎大附属柏,（第一志望総合）
二松学舎大附属柏,（１回総合）
二松学舎大附属柏,（１回Ｇ特待）
二松学舎大附属柏,（２回Ｇ特待）
二松学舎大附属柏,（２回総合）
二松学舎大附属柏,（全コースＧ）
二松学舎大附属柏,（全コース総合）
新渡戸文化,（１日ＡＭ）
新渡戸文化,（１日ＰＭ）
新渡戸文化,（２日）
新渡戸文化,（３日）
新渡戸文化,（４日）
新渡戸文化,（好きなこと入試Ａ）
新渡戸文化,（好きなこと入試Ｂ）
新渡戸文化,（好きなこと入試Ｃ）
日本学園,1
日本学園,（２回）
日本学園,（３回）
日本工業大駒場,1
日本工業大駒場,（２回）
日本工業大駒場,（３回）
日本工業大駒場,（４回）
日本工業大駒場,（５回）
日本工業大駒場,（６回）
日本工業大駒場,（特別）
日本大学,（Ａ１・ＡＦ）
日本大学,（Ａ２・ＡＦ）
日本大学,（Ｂ・ＡＦ）
日本大学,（Ｃ・ＡＦ）
日本大学,（適性検査・ＡＦ）
日本大学,（Ａ１・ＧＬ）
日本大学,（Ａ２・ＧＬ）
日本大学,（Ｂ・ＧＬ）
日本大学,（Ｃ・ＧＬ）
日本大学,（適性検査・ＧＬ）
日大第一,（４科１回）
日大第一,（４科２回）
日大第一,（２科１回）
日大第一,（２科２回）
日大第二,1
日大第二,（２回）
日大第三,1
日大第三,（２回）
日大第三,（３回）
日大豊山,1
日大豊山,（２回）
日大豊山,（３回）
日大豊山,（４回）
日大藤沢,1
日大藤沢,（２回）
日大藤沢,（３回）
日本大学三島,（首都圏）
白鴎大学足利,（推薦）
白鴎大学足利,1
白鴎大学足利,（２回）
函館ラ・サール,（１次・東京）
函館ラ・サール,（２次・東京）
八王子学園八王子,（１日午前東大）
八王子学園八王子,（１日午前東大・適性）
八王子学園八王子,（１日午後東大）
八王子学園八王子,（２日午前東大）
八王子学園八王子,（２日午後東大）
八王子学園八王子,（３日特進）
八王子実践,1
八王子実践,（２回）
八王子実践,（プレゼンテーション１回）
八王子実践,（３回）
八王子実践,（プレゼンテーション２回）
日出学園,（一般Ⅰ期）
日出学園,（一般Ⅱ期）
日出学園,（第一・Ⅰ期）
日出学園,（第一・Ⅱ期）
日出学園,（推薦）
日出学園,（サンライズ）
広尾学園,1
広尾学園,（２回）
広尾学園,（医進・サイエンス）
広尾学園,（３回）
広尾学園,（ＩＳＧ１回）
広尾学園,（ＩＳＧ２回）
広尾学園,（ＩＡＧ）
広尾学園小石川,1
広尾学園小石川,（２回）
広尾学園小石川,（３回）
広尾学園小石川,（４回）
広尾学園小石川,（５回）
広尾学園小石川,（ＩＳＧ１回）
広尾学園小石川,（ＩＳＧ２回）
広尾学園小石川,（ＩＳＧ３回）
広尾学園小石川,（ＩＳＧ４回）
広尾学園小石川,（ＩＳＧ５回）
広尾学園小石川,（ＩＡＧ）
武相,1
武相,（２回）
武相,（３回）
武相,（４回）
武相,（５回）
武南,（１回午前）
武南,（１回適性検査）
武南,（１回午後）
武南,（２回）
武南,（２回適性検査）
武南,（３回）
武南,（４回）
武南,（５回）
文化学園大杉並,1
文化学園大杉並,（適性検査）
文化学園大杉並,（２回）
文化学園大杉並,（３回）
文化学園大杉並,（４回）
文化学園大杉並,（算数特別）
文化学園大杉並,（英語特別）
文化学園大杉並,（５回）
文化学園大杉並,（算数特別２回）
文化学園大杉並,（英語特別２回）
文化学園大杉並,（６回）
文教大付属,1
文教大付属,（２回）
文教大付属,（３回）
文教大付属,（４回）
文教大付属,（５回）
文星芸術大附属,1
文星芸術大附属,（２回）
法政大学,1
法政大学,（２回）
法政大学,（３回）
法政第二,1
法政第二,（２回）
宝仙学園,（理数）
宝仙学園,（理数新４科）
宝仙学園,（理数２回）
宝仙学園,（理数公立型）
宝仙学園,（理数公立型２回）
宝仙学園,（理数公立型３回）
宝仙学園,（理数リベラルアーツ）
宝仙学園,（理数リベラルアーツ２回）
宝仙学園,（理数グローバル）
宝仙学園,（理数グローバル２回）
宝仙学園,（理数ＡＡＡ）
宝仙学園,（理数ＡＡＡ２回）
宝仙学園,（理数読書プレゼン）
宝仙学園,（理数読書プレゼン２回）
宝仙学園,（オピニオン）
宝仙学園,（理数インター）
宝仙学園,（理数インター２回）
宝仙学園,（理数英語ＡＬ）
北嶺,（東京・名古屋）
北嶺,（東京・名古屋特待）
星野学園,1
星野学園,（２回）
星野学園,（理数）
星野学園,（理数２回）
星野学園,（総合選抜）
星の杜,1
星の杜,（２回）
細田学園,1
細田学園,（ｄｏｔｓ）
細田学園,（２回）
細田学園,（３回）
細田学園,（特待）
細田学園,（特待２回）
本郷,1
本郷,（２回）
本郷,（３回）
本庄第一,（１回単願）
本庄第一,（２回一般）
本庄第一,（３回一般）
本庄東高校附属,1
本庄東高校附属,（２回）
本庄東高校附属,（３回）
三田国際学園,（１回ＩＳ）
三田国際学園,（２回ＩＳ）
三田国際学園,（３回ＩＳ）
三田国際学園,（４回ＩＳ）
三田国際学園,（１回インター）
三田国際学園,（２回インター）
三田国際学園,（３回インター）
三田国際学園,（ＭＳＴ）
水戸英宏,（専願Ａ）
水戸英宏,（一般Ａ）
水戸英宏,（推薦Ｂ）
水戸英宏,（専願Ｂ）
水戸英宏,（一般Ｂ）
水戸英宏,（専願Ｃ）
水戸英宏,（一般Ｃ）
水戸英宏,（専願Ｄ）
水戸英宏,（一般Ｄ）
宮崎日本大学,（首都圏）
明星学園,（Ａ）
明星学園,（Ｂ）
明星学園,（Ｃ）
明星学園,（Ｄ）
武蔵,1
武蔵野,（１回）
武蔵野,（２回）
武蔵野,（３回）
武蔵野,（４回）
武蔵野大学,1
武蔵野大学,（２回）
武蔵野大学,（３回）
武蔵野大学,（４回）
武蔵野大学,（アドベンチャー）
武蔵野大学,（適性検査型）
武蔵野東,（Ａ午前）
武蔵野東,（Ａ午後）
武蔵野東,（Ｂ）
武蔵野東,（Ｃ午前）
武蔵野東,（Ｃ午後）
武蔵野東,（Ｄ）
茗溪学園,（一般４科）
茗溪学園,（一般総合）
茗溪学園,（１回国際生Ｂ）
茗溪学園,（２回国際生Ｂ）
茗溪学園,（推薦）
茗溪学園,（国際生Ａ）
明治学院,1
明治学院,（２回）
明治学院,（３回）
明大付属明治,1
明大付属明治,（２回）
明大中野八王子,（Ａ１回）
明大中野八王子,（Ａ２回）
明大中野八王子,（Ｂ）
明星,（１日午前総合）
明星,（１日午前特選）
明星,（１日午前適性検査）
明星,（１日午後総合）
明星,（１日午後特選）
明星,（２日午前総合）
明星,（２日午前特選）
明星,（２日午前適性検査）
明星,（２日午後総合）
明星,（２日午後特選）
明星,（３日総合）
明星,（３日特選）
明星,（４日総合）
明星,（４日特選）
明大付属中野,1
明大付属中野,（２回）
明法,（１回午前）
明法,（１回午前適性）
明法,（１回午後）
明法,（２回午前）
明法,（２回午後）
明法,（３回午前）
目黒学院,（適性検査）
目黒学院,（１科）
目黒学院,（２回）
目黒学院,（３回）
目黒学院,（４回）
目黒日大,1
目黒日大,（２回）
目黒日大,（３回）
目黒日大,（３回適性）
目黒日大,（４回）
目白研心,（１回）
目白研心,（２回）
目白研心,（３回）
目白研心,（４回）
目白研心,（５回）
目白研心,（算数特別）
目白研心,（次世代スキル）
森村学園,1
森村学園,（２回）
森村学園,（３回）
八雲学園,1
八雲学園,（２回）
八雲学園,（３回）
八雲学園,（４回）
八雲学園,（未来発見）
安田学園,（先進特待１回）
安田学園,（先進特待２回）
安田学園,（先進特待３回）
安田学園,（先進特待４回）
安田学園,（先進特待５回）
安田学園,（先進特待６回）
八千代松陰,（一般２０日）
八千代松陰,（一般２１日）
八千代松陰,（一般２月５日）
八千代松陰,（学科推薦）
八千代松陰,（自己推薦）
山手学院,（Ａ）
山手学院,（特待選抜）
山手学院,（Ｂ）
山手学院,（後期）
横須賀学院,（１次Ａ）
横須賀学院,（適性検査型）
横須賀学院,（１次Ｂ）
横須賀学院,（２次）
横須賀学院,（３次）
横須賀学院,（英語資格利用）
横浜,1
横浜,（２回）
横浜,（３回）
横浜国大附属鎌倉,1
横浜国大附属横浜,1
横浜市立南高附属,1
横浜市立ＹＳＦＨ附属,1
横浜翠陵,1
横浜翠陵,（２回）
横浜翠陵,（３回）
横浜翠陵,（４回）
横浜翠陵,（５回）
横浜翠陵,（適性検査）
横浜創英,1
横浜創英,（２回）
横浜創英,（３回）
横浜創英,（４回）
横浜創英,（５回）
横浜隼人,1
横浜隼人,（適性）
横浜隼人,（２回）
横浜隼人,（自己アピール）
横浜隼人,（３回）
横浜富士見丘,1
横浜富士見丘,（２回）
横浜富士見丘,（３回）
横浜富士見丘,（４回）
横浜富士見丘,（５回）
横浜富士見丘,（６回）
横浜富士見丘,（適性検査型）
立教池袋,（一般）
立教池袋,（一般２回）
立教池袋,（帰国）
立教新座,1
立教新座,（２回）
立正大付属立正,（１回午前）
立正大付属立正,（１回午後）
立正大付属立正,（２回）
立正大付属立正,（３回）
立正大付属立正,（４回）
流通経済大付属柏,（第一志望）
流通経済大付属柏,1
流通経済大付属柏,（２回）
流通経済大付属柏,（３回）
流通経済大付属柏,（４回）
麗澤,（１回ＡＥ）
麗澤,（１回ＥＥ）
麗澤,（２回ＡＥ）
麗澤,（２回ＥＥ）
麗澤,（３回ＡＥ）
麗澤,（３回ＥＥ）
麗澤,（４回ＡＥ）
麗澤,（４回ＥＥ）
麗澤瑞浪,（東京）
和光,1
和光,（２回）
和光,（３回）
早稲田,1
早稲田,（２回）
早稲田佐賀,（１月首都圏）
早稲田佐賀,（２月首都圏）
早稲田佐賀,（新思考１２月首都圏）
早稲田実業,1
早大高等学院中学部,1
愛国,1
愛国,（２回）
愛国,（３回）
跡見学園,1
跡見学園,（特待１回）
跡見学園,（２回）
跡見学園,（特待２回）
跡見学園,（特待３回思考力・英語）
跡見学園,（特待４回）
跡見学園,（帰国）
浦和明の星女子,1
浦和明の星女子,（２回）
江戸川女子,1
江戸川女子,（ＡＯ）
江戸川女子,（２回）
江戸川女子,（英語）
江戸川女子,（２科）
江戸川女子,（３回）
江戸川女子,（帰国生）
桜蔭,1
鴎友学園女子,1
鴎友学園女子,（２回）
大妻,1
大妻,（２回）
大妻,（３回）
大妻,（４回）
大妻,（帰国）
大妻多摩,（総合進学）
大妻多摩,（午後総合進学）
大妻多摩,（２回総合進学）
大妻多摩,（３回）
大妻多摩,（国際進学）
大妻多摩,（午後国際進学）
大妻多摩,（２回国際進学）
大妻多摩,（適性型思考力）
大妻中野,（アドバンスト）
大妻中野,（２回アドバンスト）
大妻中野,（３回アドバンスト）
大妻中野,（４回アドバンスト）
大妻中野,（新思考力）
大妻中野,（グローバル）
大妻中野,（２回グローバル）
大妻嵐山,1
大妻嵐山,（２回）
大妻嵐山,（３回）
大妻嵐山,（まなび力）
大妻嵐山,（奨学生）
学習院女子,（一般Ａ）
学習院女子,（一般Ｂ）
学習院女子,（帰国）
神奈川学園,（Ａ午前）
神奈川学園,（Ａ午後）
神奈川学園,（Ｂ）
神奈川学園,（Ｃ）
鎌倉女学院,1
鎌倉女学院,（２次）
鎌倉女子大学,（１日午前P）
鎌倉女子大学,（１日午後P）
鎌倉女子大学,（２日午前P）
鎌倉女子大学,（２日午後P）
鎌倉女子大学,（３日午後P）
鎌倉女子大学,（１日午前K）
鎌倉女子大学,（１日午後K）
鎌倉女子大学,（２日午前K）
鎌倉女子大学,（２日午後K）
鎌倉女子大学,（３日午後K）
鎌倉女子大学,（４日午前K）
鎌倉女子大学,（５日午前K）
カリタス女子,1
カリタス女子,（２回）
カリタス女子,（３回）
カリタス女子,（４回）
川村,（プレミアム）
川村,（セレクト１）
川村,（セレクト２）
川村,（セレクト３）
川村,（セレクト４）
神田女学園,1
神田女学園,（適性型）
神田女学園,（２回特待）
神田女学園,（２回特待適性型）
神田女学園,（３回特待ＤＤＰ）
神田女学園,（４回）
神田女学園,（４回得意科目型）
神田女学園,（５回）
神田女学園,（５回新思考力）
神田女学園,（６回得意科目型）
函嶺白百合学園,1
函嶺白百合学園,（２回）
函嶺白百合学園,（３回）
北鎌倉女子,（２科）
北鎌倉女子,（４科総合）
北鎌倉女子,（２科２回）
北鎌倉女子,（国語）
北鎌倉女子,（国語２）
北鎌倉女子,（算数）
北鎌倉女子,（日本語）
北鎌倉女子,（エッセイ）
北鎌倉女子,（エッセイ２回）
北鎌倉女子,（英語プレゼン）
北鎌倉女子,（英語プレゼン２回）
北鎌倉女子,（プログラミング）
北鎌倉女子,（音楽）
北豊島,（一般）
北豊島,（特待）
北豊島,（適性検査型）
北豊島,（２回特待）
北豊島,（３回特待）
北豊島,（英語）
吉祥女子,1
吉祥女子,（２回）
共立女子,（１日）
共立女子,（２日）
共立女子,（３日午後英語４技能型）
共立女子,（３日午後合科型）
共立女子,（海外帰国生）
共立女子第二,（ＡＭ）
共立女子第二,（適性検査型）
共立女子第二,（ＰＭ）
共立女子第二,（英語４技能）
共立女子第二,（２回ＡＭ）
共立女子第二,（２回ＰＭ）
共立女子第二,（３回ＡＭ）
国本女子,1
国本女子,（２回）
国本女子,（３回）
国本女子,（４回）
京華女子,（１回午前）
京華女子,（適性検査型）
京華女子,（１回午後）
京華女子,（２回英検）
京華女子,（２回）
京華女子,（３回）
京華女子,（特待特別）
恵泉女学園,1
恵泉女学園,（２回）
恵泉女学園,（３回）
光塩女子学院,（１回総合型）
光塩女子学院,（２回）
光塩女子学院,（３回）
晃華学園,1
晃華学園,（２回）
晃華学園,（３回）
麹町学園女子,（１日午前）
麹町学園女子,（１日午前英語）
麹町学園女子,（１日午後特待）
麹町学園女子,（２日午前）
麹町学園女子,（２日午後特待）
麹町学園女子,（３日午前）
麹町学園女子,（５日午前）
佼成学園女子,（１日午前）
佼成学園女子,（１日午前適性）
佼成学園女子,（１日午後S特待）
佼成学園女子,（１日午後適性）
佼成学園女子,（１日午後英語）
佼成学園女子,（２日午前S特待）
佼成学園女子,（２日午前適性）
佼成学園女子,（２日午後S特待）
佼成学園女子,（３日午前）
佼成学園女子,（３日午後プレゼン）
佼成学園女子,（４日午前）
佼成学園女子,（４日午前英語）
佼成学園女子,（４日午後適性）
佼成学園女子,（５日午前Ｓ特待）
国府台女子学院,1
国府台女子学院,（２回）
国府台女子学院,（推薦）
香蘭女学校,1
香蘭女学校,（２回）
駒沢学園女子,（１回午前）
駒沢学園女子,（１回英語）
駒沢学園女子,（プレゼン）
駒沢学園女子,（１回１科目選択）
駒沢学園女子,（１回午後）
駒沢学園女子,（２回午前）
駒沢学園女子,（２回英語）
駒沢学園女子,（２回１科目選択）
駒沢学園女子,（２回午後）
駒沢学園女子,（３回）
相模女子大学,1
相模女子大学,（２回）
相模女子大学,（３回）
相模女子大学,（４回）
相模女子大学,（適性検査型）
相模女子大学,（プログラミング１回）
相模女子大学,（プログラミング２回）
実践女子学園,1
実践女子学園,（２回）
実践女子学園,（３回）
実践女子学園,（４回）
実践女子学園,（５回）
実践女子学園,（６回）
品川女子学院,1
品川女子学院,（算数）
品川女子学院,（２回）
品川女子学院,（表現力・総合型）
自由学園女子部中等科,1
自由学園女子部中等科,（２回）
十文字,1
十文字,（思考力型）
十文字,（２回）
十文字,（３回）
十文字,（４回）
十文字,（得意型）
十文字,（特別）
淑徳ＳＣ,1
淑徳ＳＣ,（特待）
淑徳ＳＣ,（２回）
淑徳ＳＣ,（３回）
淑徳ＳＣ,（４回）
淑徳与野,1
淑徳与野,（２回）
頌栄女子学院,1
頌栄女子学院,（２回）
湘南白百合学園,（算数１教科）
湘南白百合学園,（国語１教科）
湘南白百合学園,（４教科）
湘南白百合学園,（英語資格）
昭和女子大附属昭和,（ＡＡ）
昭和女子大附属昭和,（ＧＡ）
昭和女子大附属昭和,（ＳＡ）
昭和女子大附属昭和,（ＡＰ）
昭和女子大附属昭和,（Ｂ）
昭和女子大附属昭和,（ＧＢ）
昭和女子大附属昭和,（ＳＢ）
昭和女子大附属昭和,（Ｃ）
女子学院,1
女子聖学院,1
女子聖学院,（スカラシップ）
女子聖学院,（２回）
女子聖学院,（３回）
女子聖学院,（４回）
女子聖学院,（５回）
女子聖学院,（英語表現力）
女子聖学院,（ＢａＭ表現力）
女子美大付属,1
女子美大付属,（２回）
女子美大付属,（３回）
白梅学園清修,1
白梅学園清修,（１回午後）
白梅学園清修,（２回）
白梅学園清修,（３回）
白梅学園清修,（４回）
白梅学園清修,（５回）
白梅学園清修,（６回）
白百合学園,（一般）
成女学園,1
成女学園,（２回）
成女学園,（３回）
成女学園,（４回）
成女学園,（５回）
成女学園,（６回）
聖セシリア女子,（Ａ１次）
聖セシリア女子,（Ａ２次）
聖セシリア女子,（Ａ３次）
聖セシリア女子,（Ｂスカラシップ）
聖セシリア女子,（Ｂ英語）
聖セシリア女子,（Ｂ英語表現）
清泉女学院,1
清泉女学院,（２期）
清泉女学院,（ＳＰ）
清泉女学院,（３期）
清泉女学院,（ＡＰ）
聖ドミニコ学園,1
聖ドミニコ学園,（２回）
聖ドミニコ学園,（３回）
聖ドミニコ学園,（４回）
聖ドミニコ学園,（後期）
聖和学院,1
聖和学院,（特待）
聖和学院,（２回）
聖和学院,（特待２回）
聖和学院,（３回）
聖和学院,（特待３回）
聖和学院,（特別）
聖和学院,（特別２回）
洗足学園,1
洗足学園,（２回）
洗足学園,（３回）
洗足学園,（帰国Ｂ）
捜真女学校,（Ａ）
捜真女学校,（スカラシップ）
捜真女学校,（スカラシップ２）
捜真女学校,（Ｂ）
捜真女学校,（Ｃ）
捜真女学校,（対話学力）
瀧野川女子学園,1
瀧野川女子学園,（２回）
瀧野川女子学園,（３回）
瀧野川女子学園,（４回）
玉川聖学院,1
玉川聖学院,（２回）
玉川聖学院,（３回）
玉川聖学院,（４回）
玉川聖学院,（適性検査型）
玉川聖学院,（多文化共生）
田園調布学園,1
田園調布学園,（午後）
田園調布学園,（２回）
田園調布学園,（３回）
東京家政学院,（１日午前）
東京家政学院,（１日午後）
東京家政学院,（２日午前）
東京家政学院,（２日午後）
東京家政学院,（５日）
東京家政学院,（１０日）
東京家政大附属女子,1
東京家政大附属女子,（適性検査型奨学生）
東京家政大附属女子,（２回特奨）
東京家政大附属女子,（３回）
東京家政大附属女子,（４回）
東京家政大附属女子,（５回）
東京家政大附属女子,（６回）
東京純心女子,1
東京純心女子,（適性検査型）
東京純心女子,（２回）
東京純心女子,（３回）
東京純心女子,（数的処理型）
東京純心女子,（特待生）
東京女学館,1
東京女学館,（２回）
東京女学館,（３回）
東京女学館,（４回）
東京女学館,（国際学級一般）
東京女子学院,（１回午前）
東京女子学院,（１回午後）
東京女子学院,（２回午前）
東京女子学院,（２回午後）
東京女子学院,（３回午前）
東京女子学院,（３回午後）
東京女子学院,（４回午前）
東京女子学院,（４回午後）
東京女子学院,（５回午前）
東京女子学院,（５回午後）
桐光学園,女子部
桐光学園,女子部（２回）
桐光学園,女子部（３回Ａ）
桐光学園,女子部（３回Ｂ）
桐光学園,女子部（帰国）
桐朋女子,（Ａ）
桐朋女子,（英語）
桐朋女子,（思考力＆発想力）
桐朋女子,（Ｂ）
東洋英和女学院,（Ａ）
東洋英和女学院,（Ｂ）
トキワ松学園,1
トキワ松学園,（適性検査型）
トキワ松学園,（２回）
トキワ松学園,（英語）
トキワ松学園,（３回）
トキワ松学園,（４回）
豊島岡女子学園,1
豊島岡女子学園,（２回）
豊島岡女子学園,（３回）
中村,（一般２・４科・１日午前）
中村,（一般２科・２日午前）
中村,（一般２・４科・５日午後）
中村,（特待２・４科・１日午後２科）
中村,（特待２・４科・２日午後）
中村,（適性検査）
中村,（ポテンシャル）
中村,（エクスプレス・３日）
中村,（エクスプレス・５日）
日体大桜華,1
日体大桜華,（ＡＯ）
日体大桜華,（２回）
日体大桜華,（２回ＡＯ）
日体大桜華,（３回）
日体大桜華,（３回ＡＯ）
日本女子大附属,1
日本女子大附属,（２回）
日大豊山女子,（４科・２科）
日大豊山女子,（２科１回）
日大豊山女子,（算数１科）
日大豊山女子,（２科選択）
日大豊山女子,（２科２回）
日大豊山女子,（２科３回）
日大豊山女子,（適性検査）
日大豊山女子,（英語）
日大豊山女子,（プレゼン）
フェリス女学院,1
不二聖心女子学院,（Ｓ東京）
不二聖心女子学院,（Ｂ東京）
富士見,1
富士見,（２回）
富士見,（算数１科）
富士見,（３回）
富士見丘,（ＷＩＬＬ）
富士見丘,（適性検査）
富士見丘,（１日午後）
富士見丘,（２日午前）
富士見丘,（２日午後）
富士見丘,（３日午後）
富士見丘,（４日午前）
富士見丘,（ＧＡ）
富士見丘,（１日午後英語資格）
富士見丘,（２日英語資格）
富士見丘,（２日午後英語資格）
富士見丘,（３日午後英語資格）
富士見丘,（４日英語資格）
藤村女子,1
藤村女子,（２回）
藤村女子,（３回）
藤村女子,（４回）
藤村女子,（５回）
藤村女子,（６回）
藤村女子,（適性検査）
藤村女子,（国語表現）
藤村女子,（ナゾ解き入試）
雙葉,1
普連土学園,（１日午前４科）
普連土学園,（１日午後算数）
普連土学園,（２日午後２科）
普連土学園,（４日午前４科）
文京学院大学女子,（ポテンシャル１回）
文京学院大学女子,（ポテンシャル２回）
文京学院大学女子,（ポテンシャル３回）
文京学院大学女子,（ポテンシャル４回）
文京学院大学女子,（特待）
文京学院大学女子,（適性検査）
文京学院大学女子,（探究プレゼン型）
文京学院大学女子,（英語）
聖園女学院,（１次Ａ）
聖園女学院,（１次Ｂ）
聖園女学院,（２次Ａ）
聖園女学院,（２次Ｂ）
聖園女学院,（３次）
聖園女学院,（４次）
緑ヶ丘女子,（１回午前）
緑ヶ丘女子,（１回午後）
緑ヶ丘女子,（２回）
緑ヶ丘女子,（３回）
三輪田学園,（１回午前Ａ）
三輪田学園,（１回午前Ｂ）
三輪田学園,（１回午後）
三輪田学園,（２回Ａ）
三輪田学園,（２回Ｂ）
三輪田学園,（３回）
盛岡白百合学園,（首都圏）
盛岡白百合学園,（首都圏Ⅱ）
山脇学園,（Ａ）
山脇学園,（帰国・英語Ａ）
山脇学園,（午後国）
山脇学園,（午後算）
山脇学園,（英語ＡＬ入試Ａ）
山脇学園,（Ｂ）
山脇学園,（帰国・英語Ｂ）
山脇学園,（探究サイエンス）
山脇学園,（英語ＡＬ入試Ｂ）
山脇学園,（Ｃ）
山脇学園,（帰国・英語Ｃ）
横浜共立学園,（Ａ）
横浜共立学園,（Ｂ）
横浜女学院,（Ａ１国際）
横浜女学院,（Ａ２アカデミー）
横浜女学院,（Ｂ１国際）
横浜女学院,（Ｂ２アカデミー）
横浜女学院,（Ｃ１国際）
横浜女学院,（Ｃ２アカデミー）
横浜女学院,（Ｄ１国際）
横浜女学院,（Ｄ２アカデミー）
横浜女学院,（Ｅ１国際）
横浜女学院,（Ｅ２アカデミー）
横浜女学院,（特別奨学生Ⅰ）
横浜女学院,（特別奨学生Ⅱ）
横浜雙葉,1
横浜雙葉,（２回）
立教女学院,1
立教女学院,（帰国）
和洋九段女子,1
和洋九段女子,（２回）
和洋九段女子,（３回特待選抜）
和洋九段女子,（４回）
和洋九段女子,（５回特待選抜）
和洋九段女子,（６回）
和洋国府台女子,（一般）
和洋国府台女子,（一般２回）
和洋国府台女子,（推薦）
愛光,（本校）
愛光,（大阪）
愛光,（福岡）
愛知,1
愛知教育大附属名古屋,1
愛工大名電,1
愛工大名電,（奨学生Ａ）
愛工大名電,（奨学生Ｂ）
暁,（前期）
秋田県立秋田南高中等部,1
秋田大附属,1
朝日塾,（適性検査型）
朝日塾,（４教科型）
アサンプション国際,（Ａ）
アサンプション国際,（Ａ午後）
アサンプション国際,（Ｂ）
芦屋学園,（Ａ午前）
飯塚日新館,1
池田学園池田,1
石川県立金沢錦丘,1
今治明徳,1
岩田,（一般）
磐田東,（前期）
磐田東,（後期）
上宮学園,（１次午前特進）
上宮学園,（１次午前Ｇ）
上宮学園,（適性特進）
上宮学園,（適性Ｇ）
上宮学園,（１次午後特進）
上宮学園,（２次特進）
上宮学園,（２次Ｇ）
鶯谷,（一般）
盈進,（パイオニア併願）
盈進,（パイオニア専願）
ＡＩＣＪ,（本校入試・早慶）
愛媛県立今治東中等教育,1
愛媛県立宇和島南中等教育,1
愛媛県立松山西中等教育,1
愛媛大附属,1
追手門学院,（Ａ・特進Ｓ）
追手門学院,（Ａ・特選ＳＳ）
追手門学院,（Ｂ・特進Ｓ）
追手門学院,（Ｂ・特選ＳＳ）
追手門学院,（Ｃ・特進Ｓ）
追手門学院,（Ｃ・特選ＳＳ）
追手門学院,（Ｄ・特進Ｓ）
追手門学院,（Ｄ・特選ＳＳ）
追手門大手前,（Ａ特進）
追手門大手前,（ＡＳＳ）
追手門大手前,（Ｂ特進）
追手門大手前,（ＢＳＳ）
追手門大手前,（Ｃ特進）
追手門大手前,（ＣＳＳ）
追手門大手前,（Ｄ特進）
追手門大手前,（ＤＳＳ）
近江兄弟社,（併願）
大分,（一般）
大分県立大分豊府,1
大分大附属,1
大阪学芸高附属,（１月入試）
大阪教育大附属池田,1
大阪教育大附属天王寺,1
大阪教育大附属平野,1
大阪国際,（１次ＡⅠ類）
大阪国際,（１次ＡⅡ類）
大阪金剛インターナショナル,（Ａ）
大阪星光学院,（３科）
大阪星光学院,（４科）
大阪青凌,（Ａ進学）
大阪青凌,（Ａ特進）
大阪体育大浪商,（Ａ）
大阪桐蔭,（前期・Ｅ）
大阪桐蔭,（前期・Ｅ専願）
大阪桐蔭,（前期・ＥＳ）
大阪桐蔭,（前期・ＥＳ専願）
大阪桐蔭,（後期Ｅ）
大阪桐蔭,（後期Ｅ専願）
大阪桐蔭,（後期ＥＳ）
大阪桐蔭,（後期ＥＳ専願）
大阪桐蔭,（Ｓ特別・Ｅ）
大阪桐蔭,（Ｓ特別・Ｅ専願）
大阪桐蔭,（Ｓ特別・ＥＳ）
大阪桐蔭,（Ｓ特別・ＥＳ専願）
大阪桐蔭,（Ｌ特別・Ｅ）
大阪桐蔭,（Ｌ特別・Ｅ専願）
大阪桐蔭,（Ｌ特別・ＥＳ）
大阪桐蔭,（Ｌ特別・ＥＳ専願）
大阪府立咲くやこの花,（言語）
大阪府立富田林,1
大谷,（京都・Ａ３科コア）
大谷,（京都・Ａ３科マスター）
大牟田,（Ａ）
岡山,（難関大Ａ）
岡山,（難関大Ａ専願）
岡山,（東大・国立医Ａ）
岡山,（東大・国立医Ａ専願）
岡山,（難関大Ｂ）
岡山,（難関大Ｂ専願）
岡山,（東大・国立医Ｂ）
岡山,（東大・国立医Ｂ専願）
岡山,（難関大Ｃ）
岡山,（難関大Ｃ専願）
岡山学芸館清秀,（Ａ併願）
岡山学芸館清秀,（Ｂ併願）
岡山学芸館清秀,（Ｃ併願）
岡山県立岡山操山,1
岡山県立岡山大安寺中等教育,1
岡山県立倉敷天城,1
岡山県立津山,1
岡山大附属,1
岡山白陵,（併願）
岡山白陵,（専願）
岡山理大附属,（推薦）
岡山理大附属,（１次）
岡山理大附属,（１次適性検査型）
岡山理大附属,（２次）
沖学園隆徳館,（Ａ一般アイビー）
沖学園隆徳館,（Ａ一般アカデミー）
沖縄県立開邦,1
沖縄県立球陽,1
沖縄尚学高附属,（前期ＳＣＣ）
沖縄尚学高附属,（前期ＳＰＣ）
沖縄尚学高附属,（後期ＳＣＣ）
海星,（長崎・奨学生Ⅱ）
海星,（長崎・Ⅰ専願）
海星,（長崎・Ⅰ併願）
開智,（和歌山前期・特進）
開智,（和歌山前期・スーパー文理）
開智,（和歌山後期・特進）
開智,（和歌山後期・スーパー文理）
開明,（前期理数併願）
開明,（前期理数専願）
開明,（前期スーパー理数併願）
開明,（前期スーパー理数専願）
開明,（後期Ａ理数併願）
開明,（後期Ａ理数専願）
開明,（後期Ａスーパー理数併願）
開明,（後期Ａスーパー理数専願）
開明,（後期Ｂ理数併願）
開明,（後期Ｂ理数専願）
開明,（後期Ｂスーパー理数併願）
開明,（後期Ｂスーパー理数専願）
開明,（２次理数併願）
開明,（２次理数専願）
開明,（２次スーパー理数併願）
開明,（２次スーパー理数専願）
海陽,（特給・地方会場）
海陽,（特給・専願地方）
海陽,（特給・本校会場）
海陽,（特給・専願本校）
海陽,（Ⅰ・地方会場）
海陽,（Ⅰ・本校会場）
海陽,（Ⅱ・地方会場）
海陽,（Ⅱ・本校会場）
海陽,（Ⅱ・専願本校）
海陽,（Ⅲ・本校会場）
香川誠陵,（前期）
香川誠陵,（県外）
鹿児島県立楠隼,1
鹿児島修学館,（前期）
鹿児島市立鹿児島玉龍,1
鹿児島第一,（前期）
鹿児島大附属,1
片山学園,（前期）
片山学園,（推薦）
片山学園,（国内・東海）
片山学園,（国内・東海算数）
加藤学園暁秀,（中高一貫）
加藤学園暁秀,（バイリンガル）
金沢大附属,1
関西大倉,（Ａ１）
関西大倉,（Ａ２）
関西大倉,（Ｂ）
関西大倉,（Ｃ）
関西創価,（３科）
関西創価,（４科）
関西大中等部,（前期３科）
関西大中等部,（前期４科）
関西大中等部,（後期）
関西大第一,1
関西大北陽,1
関西大北陽,（２次Ａ）
関西大北陽,（２次Ｂ）
関西学院,（A）
関西学院,（B）
関西学院千里国際,1
岐阜聖徳学園大附,1
岐阜東,（前期午前併願）
九州学院,（一般）
九州学院,（奨学）
九州学院,（専願）
九州国際大付属,1
京都教育大附属桃山,1
京都共栄学園,1
京都産業大附属,（Ａ１）
京都産業大附属,（Ａ２）
京都産業大附属,（Ｂ）
京都市立西京高附属,1
京都精華学園,（一般Ａ）
京都先端科学大附属,（Ａ１）
京都橘,（Ａ１）
京都府立園部高附属,1
京都府立南陽高附属,1
京都府立福知山高附属,1
京都府立洛北高附属,1
京都文教,（Ａα）
京都文教,（Ａβ）
銀河学院,（併願）
近畿大学附属,（前期医薬）
近畿大学附属,（前期英数アドバンスト）
近畿大学附属,（前期英数プログレス）
近畿大学附属,（後期医薬）
近畿大学附属,（後期英数アドバンスト）
近畿大学附属,（後期英数プログレス）
近畿大学附属新宮,（前期）
近畿大学附属新宮,（後期）
近畿大学附属豊岡,（Ａ）
近畿大学附属豊岡,（Ｂ）
近畿大附属東広島,（前期併願）
近畿大附属東広島,（前期専願）
近畿大附属福山,（前期併願文理）
近畿大附属福山,（前期併願難関）
近畿大附属福山,（前期専願文理）
近畿大附属福山,（前期専願難関）
近畿大附属福山,（後期併願文理）
近畿大附属福山,（後期併願難関）
近畿大附属福山,（後期専願文理）
近畿大附属福山,（後期専願難関）
近畿大附属和歌山,（数理）
近畿大附属和歌山,（Ｓ数理）
近畿大附属和歌山,（午後数理）
近畿大附属和歌山,（午後Ｓ数理）
金蘭千里,（男子･前期Ａ）
金蘭千里,（男子･中期Ｂ）
金蘭千里,（男子･後期）
熊本学園大付属,（一般）
熊本学園大付属,（専願）
熊本学園大付属,（奨学生）
熊本県立宇土,1
熊本県立玉名高附属,1
熊本県立八代,1
熊本大附属,1
熊本マリスト,（一般）
熊本マリスト,（奨学生）
久留米信愛,（Ａ国際ＡＳ）
久留米信愛,（Ａ医進）
久留米信愛,（Ｂ国際ＡＳ）
久留米信愛,（Ｂ医進）
久留米大附設,1
敬愛,（一般特進）
敬愛,（一般九大医進）
慶進,（Ａ）
啓明学院,（Ａ）
啓明学院,（Ｂ）
賢明学院,（Ａ１理数）
賢明学院,（Ａ１総合）
賢明学院,（Ａ２理数）
賢明学院,（Ａ２総合）
賢明学院,（Ｂ理数）
賢明学院,（Ｂ総合）
晃英館,（Ａ）
晃英館,（Ｂ）
弘学館,1
皇學館,（三重Ａ）
光泉カトリック,（Ａ）
高知,1
高知学芸,1
高知大附属,1
甲南,（Ⅰ期Ａａ）
甲南,（Ⅰ期Ｆａ）
甲南,（Ⅰ期午後Ａ）
甲南,（Ⅰ期午後Ｆ）
甲南,（Ⅱ期Ａ）
甲南,（Ⅱ期Ｆ）
甲南,（Ⅲ期Ａ）
甲南,（Ⅲ期Ｆ）
神戸学院大附属,（１次Ａ）
神戸学院大附属,（１次Ｂ）
神戸学院大附属,（２次）
神戸学院大附属,（３次）
神戸大附属,1
神戸龍谷,（Ａアドバンス）
神戸龍谷,（Ａエキスパート）
神戸龍谷,（Ａ２アドバンス）
神戸龍谷,（Ａ２エキスパート）
神戸龍谷,（Ｂアドバンス）
神戸龍谷,（Ｂエキスパート）
神戸龍谷,（Ｃアドバンス）
向陽,（大分）
甲陽学院,1
香里ヌヴェール学院,（ＡＳＡ）
香里ヌヴェール学院,（ＡＧＳ）
小倉日新館,1
金光大阪,（Ａ）
金光学園,1
金光学園,（専願）
金光八尾,（前期Ａ/Ｓ特進）
金光八尾,（前期Ａ特進）
済美平成,1
済美平成,（専願）
佐賀県立香楠,1
佐賀県立武雄青陵,1
佐賀県立致遠館,1
佐賀清和,1
佐賀大附属,1
佐久長聖,（本校２回）
札幌大谷,（英数選抜）
札幌大谷,（プログレス）
札幌大谷,（アスリート・アート）
札幌光星,1
札幌市立札幌開成中等教育,1
札幌日本大学,（７日ＳＡ）
札幌日本大学,（７日Ａ）
札幌日本大学,（特待生）
札幌日本大学,（９日ＳＡ）
札幌日本大学,（９日Ａ）
三田学園,（前期Ａ/Ｓ）
三田学園,（前期Ａ/Ａ）
三田学園,（前期Ｂ/Ｓ）
三田学園,（前期Ｂ/Ａ）
三田学園,（後期/Ｓ）
三田学園,（後期/Ａ）
山陽学園,（進学）
山陽学園,（特進選抜）
山陽学園,（表現力・進学）
志學館,1
滋賀県立河瀬,1
滋賀県立水口東,1
滋賀県立守山,1
滋賀大附属,1
四條畷学園,（発展文理）
四條畷学園,（発展探求）
静岡学園,（前期Ａ）
静岡北,（前期）
静岡県立清水南高中等部,1
静岡県立浜松西高中等部,1
静岡サレジオ,一般
静岡聖光学院,（Ⅰ期静岡）
静岡聖光学院,（特待静岡）
静岡聖光学院,（Ⅱ期静岡）
静岡大成,（単願）
静岡大附属静岡,1
静岡大附属島田,1
静岡大附属浜松,1
四天王寺東,（Ａ）
四天王寺東,（Ｂ）
四天王寺東,（Ｃ）
秀光,（適性検査型）
就実,（３教科型特進Ｈ）
就実,（２教科型特進Ａ）
就実,（２期特進Ａ）
就実,（２期未来創造）
修道,1
夙川,（Ａ）
夙川,（Ｂ）
夙川,（２回・A）
夙川,（２回・B）
夙川,（３回・A）
夙川,（３回・B）
淳心学院,（前期Ａカリタス）
淳心学院,（前期Ａヴェリタス）
淳心学院,（前期Bカリタス）
淳心学院,（前期Ｂヴェリタス）
淳心学院,（後期カリタス）
淳心学院,（後期ヴェリタス）
上越教育大附属,1
常翔学園,（ＡⅠ類）
常翔学園,（ＡⅡ類）
常翔学園,（ＢⅠ類）
常翔学園,（ＢⅡ類）
常翔学園,（ＣⅠ類）
常翔学園,（ＣⅡ類）
常翔啓光学園,（Ａ特進選抜）
常翔啓光学園,（Ａ未来探究）
常翔啓光学園,（Ｂ特進選抜）
常翔啓光学園,（Ｂ未来探究）
常翔啓光学園,（Ｃ特進選抜）
常翔啓光学園,（Ｃ未来探究）
上智福岡,1
昇陽,（Ａ）
昇陽,（Ｂ）
昇陽,（Ｃ）
照曜館,（前期）
昭和薬科大附属,1
信州大附属長野,1
信州大附属松本,1
真和,（奨学生）
鈴鹿,（Ａ特進）
鈴鹿,（Ａ医進・選抜）
須磨学園,（Ａ）
須磨学園,（Ｂ）
須磨学園,（２回Ａ）
須磨学園,（２回Ｂ）
須磨学園,（３回Ａ）
須磨学園,（３回Ｂ）
駿台甲府,（一般）
駿台甲府,（専願）
聖ウルスラ学院英智,（一般）
青雲,1
成穎,（前期）
成穎,（後期）
清教学園,（前期Ｓ特進Ⅰ）
清教学園,（前期Ｓ特進Ⅰ専願）
清教学園,（前期Ｓ特進Ⅱ）
清教学園,（前期Ｓ特進Ⅱ専願）
清教学園,（後期Ｓ特進Ⅰ）
清教学園,（後期Ｓ特進Ⅱ）
星城,（Ⅰ期Ａ）
星城,（Ⅰ期Ｂ）
聖心学園,（Ａ・Ⅰ類併願）
聖心学園,（Ａ・Ⅰ類専願）
聖心学園,（Ａ・Ⅱ類併願）
聖心学園,（Ａ・Ⅱ類専願）
精道三川台,1
精道三川台,（２回）
西南学院,1
清風,（前期･理Ⅰ）
清風,（前期･理Ⅱ）
清風,（前期･理Ⅲ）
清風,（前期･理Ⅲプレミアム）
清風,（後期･理Ⅰ）
清風,（後期･理Ⅱ）
清風,（後期･理Ⅲ）
清風,（理Ⅲ･プレミアム）
清風南海,（Ａ特進）
清風南海,（Ａスーパー特進）
清風南海,（SG特進）
清風南海,（SGスーパー特進）
清風南海,（Ｂ特進）
清風南海,（Ｂスーパー特進）
星稜,1
星陵,1
聖隷クリストファー,（前期単願一般）
仙台市立仙台青陵中等教育,1
蒼開,（Ａ方式）
崇徳,（Ａ併願４教科）
崇徳,（Ｂ専願）
大成,（特別選抜）
大成,（専願）
高川学園,（Ａ学業英才）
高川学園,（Ｂ学業英才）
高田,1
高槻,（Ａ３科）
高槻,（Ａ４科）
高槻,（Ｂ）
滝,1
滝川,（前期・医進）
滝川,（前期・ＳＧ）
滝川,（前期・ミライ探究）
滝川,（ミライ探究型）
滝川,（前期午後・医進）
滝川,（前期午後・ＳＧ）
滝川,（前期午後・ミライ探究）
滝川,（中期Ⅰ・医進）
滝川,（中期Ⅰ・ＳＧ）
滝川,（中期Ⅰ・ミライ探究）
滝川,（中期Ⅱ・医進）
滝川,（中期Ⅱ・ＳＧ）
滝川,（中期Ⅱ・ミライ探究）
滝川,（後期・医進）
滝川,（後期・ＳＧ）
滝川,（後期・ミライ探究）
滝川第二,（Ａ１エキスパ）
滝川第二,（Ａ１ＩＵＥ）
滝川第二,（Ａ１プログレ）
滝川第二,（Ａ２エキスパ）
滝川第二,（Ａ２ＩＵＥ）
滝川第二,（Ａ２プログレ）
滝川第二,（Ｂエキスパ）
滝川第二,（Ｂ・ＩＵＥ）
滝川第二,（Ｂプログレ）
滝川第二,（Ｃエキスパ）
滝川第二,（Ｃ・ＩＵＥ）
滝川第二,（Ｃプログレ）
多治見西高附属,1
多治見西高附属,（２期）
筑陽学園,（Ａ併願）
筑陽学園,（Ａ併願・学特選抜）
筑陽学園,（Ｂ）
智辯学園,（Ａ）
智辯学園,（Ｂ）
智辯学園奈良カレッジ,（Ａ）
智辯学園奈良カレッジ,（表現力）
智辯学園和歌山,（前期・総合）
智辯学園和歌山,（前期・S選抜）
智辯学園和歌山,（後期・総合）
智辯学園和歌山,（後期・S選抜）
中部大春日丘,（１回）
中部大春日丘,（２回）
帝京大学可児,（１月入試）
帝京大学可児,（２月入試）
帝塚山,（Ａ男子英数専願）
帝塚山,（Ａ男子英数併願）
帝塚山,（Ａ男子Ｓ理系専願）
帝塚山,（Ａ男子Ｓ理系併願）
帝塚山,（Ｂ男子英数）
帝塚山,（Ｂ男子Ｓ理系）
帝塚山,（２次Ａ男子英数）
帝塚山,（２次Ａ男子Ｓ理系）
帝塚山,（２次Ｂ男子英数）
帝塚山,（２次Ｂ男子Ｓ理系）
帝塚山泉ケ丘,（１次ＡⅠ類）
帝塚山泉ケ丘,（１次ＡⅡ類）
帝塚山泉ケ丘,（１次ＡⅡ類選抜）
帝塚山泉ケ丘,（１次ＢⅠ類）
帝塚山泉ケ丘,（１次ＢⅡ類）
帝塚山泉ケ丘,（１次ＢⅡ類選抜）
帝塚山泉ケ丘,（２次Ⅰ類）
帝塚山泉ケ丘,（２次Ⅱ類）
帝塚山泉ケ丘,（２次Ⅱ類選抜）
天理,1
東海,1
東海大付属静岡翔洋,1
東海大付属仰星,（Ａ総合進学）
東海大付属仰星,（Ａ英数特進）
東海大付属仰星,（Ｂ総合進学）
東海大付属仰星,（Ｂ英数特進）
東海大付属仰星,（Ｃ総合進学）
東海大付属仰星,（Ｃ英数特進）
同志社,1
同志社香里,（前期）
同志社香里,（後期）
同志社国際,1
東大寺学園,（３科）
東大寺学園,（４科）
東明館,（Ａ）
東洋大附属姫路,（前期）
徳島県立城ノ内,1
徳島文理,（前期）
徳島文理,（後期）
常葉大附属菊川,（前期）
常葉大附属菊川,（後期）
常葉大附属橘,（前期）
常葉大附属橘,（後期）
土佐,1
土佐塾,（前期）
土佐塾,（後期）
鳥取大附属,1
富山大附属,1
長崎県立諫早高校附属,1
長崎県立佐世保北,1
長崎県立長崎東,1
長崎大附属,1
長崎南山,1
長崎南山,（２次）
長崎日本大学,1
長崎日本大学,（２回）
長野県立諏訪清陵高附属,1
長野県立屋代,1
長野日本大学,（Ｃ）
中村学園三陽,（一般）
中村学園三陽,（育才）
中村学園三陽,（後期）
名古屋,（一般）
名古屋経済大市邨,（Ⅰ期Ａ特奨一般）
名古屋国際,（Ｂ）
名古屋大附属,1
灘,1
浪速,（１次ＡⅠ類）
浪速,（１次ＡⅡ類）
浪速,（Ⅰ類選抜Ａ型）
奈良育英,（前期・専願）
奈良学園,（Ａ特進）
奈良学園,（Ａ医進）
奈良学園,（Ｂ特進）
奈良学園,（Ｂ医進）
奈良学園,（Ｃ特進）
奈良学園,（Ｃ医進）
奈良学園登美ヶ丘,（Ａ併願Ⅰ類）
奈良学園登美ヶ丘,（Ａ併願Ⅱ類）
奈良学園登美ヶ丘,（Ａ専願Ⅰ類）
奈良学園登美ヶ丘,（Ａ専願Ⅱ類）
奈良学園登美ヶ丘,（ＢⅠ類）
奈良学園登美ヶ丘,（ＢⅡ類）
奈良学園登美ヶ丘,（ＣⅠ類）
奈良学園登美ヶ丘,（ＣⅡ類）
奈良教育大附属,1
奈良女子大附属,1
鳴門教育大附属,1
南山,男子部
新潟県立柏崎翔洋中等教育,1
新潟県立直江津中等教育,1
新潟第一,（１回専願）
新潟第一,（１回併願）
新潟大附属新潟,1
新潟大附属長岡,1
新潟明訓,（Ｂ）
仁川学院,（１次）
仁川学院,（１次アカデミア）
仁川学院,（２次）
仁川学院,（２次アカデミア）
仁川学院,（３次）
仁川学院,（３次アカデミア）
仁川学院,（ファイナル）
仁川学院,（ファイナルアカデミア）
西大和学園,（本校３科男子）
西大和学園,（本校４科）
西大和学園,（県外・東海）
西大和学園,（県外・岡山）
西大和学園,（県外・広島）
西大和学園,（県外・福岡）
西大和学園,（県外・札幌沖縄）
新田青雲,1
新田青雲,（専願）
新田青雲,（英語）
日本大学三島,1
野田学園,（Ａ）
白陵,（前期）
白陵,（後期）
函館ラ・サール,（１次・本校）
函館ラ・サール,（１次・札幌）
函館ラ・サール,（１次・大阪）
函館ラ・サール,（１次・名古屋）
函館ラ・サール,（２次・本校）
函館ラ・サール,（２次・大阪）
函館ラ・サール,（２次･名古屋）
羽衣学園,（１次Ａ・文特Ⅰ）
羽衣学園,（１次Ａ・文特Ⅱ）
初芝富田林,（前期Ａ特進α）
初芝富田林,（前期ＡＳ特進α）
初芝富田林,（前期Ｂ特進α）
初芝富田林,（前期ＢＳ特進α）
初芝富田林,（後期Ａ適性特進α）
初芝富田林,（後期Ａ適性Ｓ特進α）
初芝富田林,（後期ＡＳ特進α）
初芝橋本,（Ｃα併願）
初芝橋本,（Ｃβ併願）
初芝立命館,（後期A・Ａα併願）
初芝立命館,（後期A・Ｒ併願）
初芝立命館,（後期A・Ａβ併願）
花園,（Ａ３）
花園,（Ｂ１）
浜松開誠館,（前期）
浜松開誠館,（後期）
浜松学院,（前期）
浜松学院,（後期）
浜松学芸,（前期）
浜松学芸,（後期）
浜松修学舎,1
浜松修学舎,（２回）
浜松日体,（前期）
浜松日体,（後期）
比叡山,（Ｂ併願）
ＰＬ学園,（Ａ）
東福岡自彊館,1
東山,（前期Ａエース）
東山,（前期Ａユリーカ）
東山,（前期Ｂエース）
東山,（前期Ｂユリーカ）
東山,（後期エース）
東山,（後期ユリーカ）
雲雀丘学園,（Ａ午前）
雲雀丘学園,（Ａ午後）
雲雀丘学園,（Ｂ）
日向学院,（ＡⅡ種）
兵庫教育大附属,1
兵庫県立芦屋国際中等教育,1
兵庫県立大学附属,1
弘前大附属,1
広島学院,1
広島県立広島,1
広島城北,（４教科）
広島市立広島中等教育,1
広島大附属,1
広島大附属東雲,1
広島大附属福山,1
広島大附属三原,1
広島なぎさ,（一般）
広島なぎさ,（専願）
福井県立高志,1
福井工業大附属福井,1
福井工業大附属福井,（Ⅱ期）
福井大附属,1
福岡教育大附属久留米,1
福岡教育大附属小倉,1
福岡教育大附属福岡,1
福岡県立育徳館,1
福岡県立嘉穂高附属,1
福岡県立宗像,1
福岡県立門司学園,1
福岡大学附属大濠,1
福岡舞鶴誠和,（前期）
福山市立福山,1
藤枝明誠,（１次）
藤枝明誠,（２次）
文徳,（Ⅰ期専願）
文徳,（Ⅱ期）
報徳学園,（Ⅰ進）
報徳学園,（Ⅱ進）
報徳学園,（午後Ⅱ進）
報徳学園,（２次ＡⅠ進）
報徳学園,（２次ＡⅡ進）
報徳学園,（２次ＢⅠ進）
報徳学園,（２次ＢⅡ進）
北杜市立甲陵,1
北陸,（前期）
北陸,（後期）
北陸学院,1
北嶺,（本校・地方）
北嶺,（本校・地方特待）
北嶺,（青雲寮コース）
北嶺,（大阪）
北嶺,（大阪特待）
北海道立登別明日,1
北海道教育大附属旭川,1
北海道教育大附属釧路,1
北海道教育大附属札幌,1
北海道教育大附属函館,1
松本秀峰,1
三重,（一般）
三重大附属,1
箕面自由学園,（Ｂ午前）
美濃加茂,（Ⅰ期）
美濃加茂,（Ⅱ期）
宮城教育大附属,1
宮城県立仙台二華,1
宮城県立古川黎明,1
宮崎県立宮崎西高附属,1
宮崎第一,（前期）
宮崎大附属,1
宮崎日本大学,（前期）
明治学園,1
明星,（大阪・前期特進）
明星,（大阪・前期英数）
明星,（大阪・前期午後特進Ｓ）
明星,（大阪・前期午後特進）
明星,（大阪・後期Ｓ特進）
明星,（大阪・後期特進）
明星,（大阪・後期英数）
桃山学院,（Ａ６年進学）
桃山学院,（Ａ６年選抜）
桃山学院,（Ｂ６年進学）
桃山学院,（Ｂ６年選抜）
桃山学院,（Ｃ６年進学）
桃山学院,（Ｃ６年選抜）
山形県立東桜学館,1
山形大附属,1
山口大附属山口,1
山梨学院,1
山梨大附属,1
八女学院,（Ａ）
八女学院,（Ｂ）
洛星,（前期３科）
洛星,（前期４科）
洛星,（後期併願３科）
洛星,（後期併願４科）
洛星,（後期専願３科）
洛星,（後期専願４科）
洛南高校附属,（３科）
洛南高校附属,（４科）
洛南高校附属,（専願３科）
洛南高校附属,（専願４科）
ラ・サール,1
履正社,（前期１次学藝）
履正社,（前期１次独立）
履正社,（前期２次学藝）
履正社,（前期２次独立）
履正社,（後期学藝）
履正社,（後期独立）
立命館,（前期Ａ・ＣＬ）
立命館,（前期Ａ・ＡＬ３科）
立命館,（前期Ａ・ＡＬ４科）
立命館,（前期Ｂ・ＣＬ３科）
立命館,（前期Ｂ・ＣＬ４科）
立命館,（前期Ｂ・ＡＬ３科）
立命館,（前期Ｂ・ＡＬ４科）
立命館,（後期ＣＬ３科）
立命館,（後期ＣＬ４科）
立命館,（後期ＡＬ３科）
立命館,（後期ＡＬ４科）
立命館宇治,（Ａ一般）
立命館宇治,（Ｂ）
立命館慶祥,（一貫コース）
立命館慶祥,（ＳＰコース）
立命館慶祥,（専願一貫）
立命館慶祥,（個性一貫）
立命館守山,（Ａ１ＡＭ）
立命館守山,（Ｂ１ＡＭ）
龍谷,（佐賀・前期４教科）
龍谷,（佐賀・後期）
龍谷大学付属平安,（Ａ１）
龍谷大学付属平安,（Ａ２）
龍谷大学付属平安,（Ｂ２）
ルーテル学院,（奨学前期）
ルーテル学院,（一般前期）
麗澤瑞浪,（１期）
れいめい,（前期）
六甲学院,（Ａ）
六甲学院,（Ｂ）
早稲田佐賀,（一般１月）
愛知淑徳,1
愛徳学園,（Ａ）
遺愛女子,1
遺愛女子,（２回）
育英西,（Ａ特設併願）
育英西,（Ａ特設専願）
育英西,（Ａ立命館併願）
育英西,（Ａ立命館専願）
大阪薫英女学院,（Ａ１）
大阪女学院,（前期Ａ）
大阪女学院,（前期Ｂ）
大阪女学院,（後期）
大阪信愛学院,（Ａ）
大谷,（大阪･Ａ医進）
大谷,（大阪･Ａ特進）
大谷,（大阪･Ａ凛花）
大谷,（大阪･Ｂ医進午後）
大谷,（大阪･Ｂ特進午後）
大谷,（大阪･Ｃ医進午後）
大谷,（大阪･Ｃ特進午後）
大谷,（大阪･２次医進）
大谷,（大阪･２次特進）
小林聖心女子学院,（Ａ）
小林聖心女子学院,（Ｂ）
鹿児島純心女子,1
鹿児島純心女子,（２回）
活水,（Ａ）
活水,（Ｂ）
京都光華,（Ａ）
京都女子,（Ａ藤華）
京都女子,（Ａ東雲）
京都女子,（自己推薦Ⅱ）
京都女子,（Ｂ１藤華）
京都女子,（Ｂ１東雲）
京都女子,（Ｂ２東雲）
京都聖母学院,（Ａ１・Ⅰ類）
京都聖母学院,（Ａ１・Ⅱ類）
京都聖母学院,（Ａ１・Ⅲ類）
金城学院,1
金蘭会,（Ａ）
金蘭千里,（女子･前期Ａ）
金蘭千里,（女子･中期Ｂ）
金蘭千里,（女子･後期）
熊本信愛女学院,（特待Ⅰ一般）
熊本信愛女学院,（一般）
賢明女子学院,（Ａ）
賢明女子学院,（Ｂ）
賢明女子学院,（Ｃ）
甲子園学院,（Ａ）
甲南女子,（Ａ１スタンダード）
甲南女子,（Ａ１Ｓアドバンスト）
甲南女子,（Ａ２スタンダード）
甲南女子,（Ａ２Ｓアドバンスト）
甲南女子,（Ｂスタンダード）
甲南女子,（ＢＳアドバンスト）
神戸海星女子学院,（Ａ）
神戸海星女子学院,（Ｂ）
神戸国際,（ＡⅠ）
神戸国際,（ＡⅡ）
神戸国際,（ＢⅠ）
神戸国際,（ＢⅡ）
神戸国際,（Ｃ）
神戸女学院,1
神戸山手女子,（前期午前）
堺リベラル,（１次Ａ）
静岡英和女学院,（Ａスタンダード）
静岡英和女学院,（Ａアドバンスト）
静岡西遠女子学園,1
静岡雙葉,1
四天王寺,（英数）
四天王寺,（英数Ｓ）
四天王寺,（医志）
純心,（併願）
純心,（専願）
純心,（２次）
樟蔭,（Ａ国際教養）
樟蔭,（Ａ総合進学）
松蔭,（神戸・Ａ）
松蔭,（神戸・Ｂ）
尚絅,（特待併願）
尚絅,（２回特待併願）
尚絅,（２回一般）
城南学園,（１次）
親和,（前期１総合）
親和,（前期１Ｓ）
親和,（前期２総合）
親和,（前期２Ｓ）
親和,（後期１総合）
親和,（後期１Ｓ）
親和,（後期２総合）
親和,（後期２Ｓ）
親和,（算数１科総合）
親和,（算数１科Ｓ）
親和,（チャレンジ総合）
親和,（チャレンジS）
椙山女学園,1
清心,（岡山・教科型）
清心,（岡山・適性検査型）
清心,（岡山･２次）
西南女学院,（前期）
聖マリア女学院,（１月専願入試）
聖霊,（学科選考）
セントヨゼフ女子学園,1
セントヨゼフ女子学園,（ＳＡＣ）
相愛,（Ａ普通科進学）
相愛,（Ａ普通科特進）
相愛,（Ａ音楽科進学）
園田学園,（Ａ）
筑紫女学園,1
帝塚山,（Ａ女子英数Ｓ専願）
帝塚山,（Ａ女子英数Ｓ併願）
帝塚山,（Ａ女子英数専願）
帝塚山,（Ａ女子英数併願）
帝塚山,（Ａ女子特進専願）
帝塚山,（Ａ女子特進併願）
帝塚山,（Ｂ女子英数Ｓ）
帝塚山,（Ｂ女子英数）
帝塚山,（Ｂ女子特進）
帝塚山,（２次Ａ女子英数Ｓ）
帝塚山,（２次Ａ女子英数）
帝塚山,（２次Ａ女子特進）
帝塚山,（２次Ｂ女子英数Ｓ）
帝塚山,（２次Ｂ女子英数）
帝塚山,（２次Ｂ女子特進）
帝塚山学院,（１次Ａ関学）
帝塚山学院,（１次Ａエトワール）
帝塚山学院,（１次Ａプルミエ）
帝塚山学院,（Ｅ関学）
帝塚山学院,（Ｅエトワール）
帝塚山学院,（Ｅプルミエ）
帝塚山学院,（１次Ｂ関学）
帝塚山学院,（１次Ｂエトワール）
帝塚山学院,（１次Ｂプルミエ）
帝塚山学院,（２次関学）
帝塚山学院,（２次エトワール）
帝塚山学院,（２次プルミエ）
同志社女子,（前期ＬＡ）
同志社女子,（前期ＷＲ）
同志社女子,（後期ＬＡ）
同志社女子,（後期ＷＲ）
同志社女子,（自己推薦ＬＡ）
同志社女子,（自己推薦ＷＲ）
常葉大附属常葉,（前期）
常葉大附属常葉,（後期）
土佐女子,1
長崎精道,1
長崎精道,（２回）
長野清泉女学院,1
中村学園女子,（前期）
中村学園女子,（後期）
名古屋女子大,（一般Ａ）
名古屋女子大,（一般B）
南山,女子部
新潟清心女子,1
新潟清心女子,（２回）
新潟清心女子,（専願）
西大和学園,（本校３科女子）
ノートルダム女学院,（Ａ１Ｇ総合）
ノートルダム女学院,（Ａ１Ｇ探究）
ノートルダム清心,1
梅花,（Ａ１）
博多女子,（Ａ・併願）
博多女子,（特待選抜・併願）
博多女子,（Ｂ）
函館白百合学園,（一般前期）
函館白百合学園,（一般後期）
比治山女子,（Ⅰ一般）
比治山女子,（Ⅱ一般）
姫路女学院,（Ａ１）
姫路女学院,（Ａ２）
姫路女学院,（Ｂ）
姫路女学院,（Ｃ）
広島女学院,1
プール学院,（Ａ総合特進・併願）
プール学院,（Ａキリ教・専願）
プール学院,（Ａ一貫特進・併願）
プール学院,（Ａ一貫特進・専願）
プール学院,（Ｂキリ教）
プール学院,（Ｂ一貫特進）
プール学院,（Ｃキリ教）
プール学院,（Ｃ一貫特進）
プール学院,（２次キリ教）
プール学院,（２次一貫特進）
福岡女学院,（１月４科）
福岡女学院,（１月英語）
福岡雙葉,（ＦＢ）
福山暁の星女子,1
藤枝順心,（１次Ａ）
藤枝順心,（１次Ｂ）
藤枝順心,（２次）
藤女子,1
不二聖心女子学院,（Ａ本校）
不二聖心女子学院,（Ｂ本校）
平安女学院,（Ａ１/ＧＳ＋）
平安女学院,（Ａ１/ＲＳ＋）
北星学園女子,1
松山東雲,（前期２科併願）
松山東雲,（後期）
武庫川女子大附属,（Ａ・ＣＧ）
武庫川女子大附属,（Ａ・ＣＳ）
武庫川女子大附属,（Ｂ・ＣG）
武庫川女子大附属,（Ｂ・ＣＳ）
武庫川女子大附属,（Ｃ・ＣＧ）
武庫川女子大附属,（Ｃ・ＣＳ）
武庫川女子大附属,（Ｄ・ＣＧ）
武庫川女子大附属,（Ｄ・ＣＳ）
明光学園,（Ａ）
安田女子,（Ｂ総合）
安田女子,（Ｂ特進）
百合学院,（Ａ）
和歌山信愛,（Ａ･特進）
和歌山信愛,（Ａ･医進）
和歌山信愛,（Ａ午後･特進）
和歌山信愛,（Ａ午後･医進）
和歌山信愛,（Ｂ･特進）
和歌山信愛,（Ｂ･医進）
和歌山信愛,（Ｃ･特進）
和歌山信愛,（Ｃ･医進）
